iteration,buffer,loss,vs_random,vs_greedy,solver_first,solver_second,best,seconds
1,1125,1.9341,,,,,,4.5
2,2197,1.8245,,,,,,2.1
3,3254,1.7991,,,,,,2.0
4,4400,1.7496,,,,,,2.3
5,5443,1.7464,,,,,,2.1
6,6595,1.7347,,,,,,2.5
7,7573,1.7556,,,,,,1.9
8,8694,1.7391,,,,,,2.9
9,9732,1.7329,,,,,,2.2
10,10805,1.7265,,,,,,2.3
11,11845,1.7380,,,,,,2.5
12,12933,1.7261,,,,,,2.6
13,14064,1.7292,,,,,,2.8
14,15095,1.7453,,,,,,2.5
15,16306,1.7400,,,,,,2.8
16,17375,1.7321,,,,,,2.8
17,18418,1.7342,,,,,,2.5
18,19557,1.7251,,,,,,2.7
19,20651,1.7257,,,,,,2.6
20,21778,1.7193,1.000,0.950,14,17,1,27.2
21,22893,1.7129,,,,,,2.1
22,24034,1.7197,,,,,,2.2
23,25015,1.7160,,,,,,2.0
24,26119,1.7196,,,,,,2.3
25,27325,1.7084,,,,,,2.5
26,28486,1.7060,,,,,,2.4
27,29612,1.6999,,,,,,2.2
28,30652,1.6927,,,,,,2.3
29,31730,1.6896,,,,,,2.1
30,32907,1.6906,,,,,,3.0
31,34022,1.6924,,,,,,2.9
32,35163,1.6808,,,,,,2.8
33,36192,1.6720,,,,,,2.8
34,37247,1.6813,,,,,,2.4
35,38299,1.6805,,,,,,2.5
36,39358,1.6737,,,,,,2.7
37,40481,1.6765,,,,,,3.2
38,41547,1.6643,,,,,,2.6
39,42572,1.6655,,,,,,2.9
40,43616,1.6579,1.000,0.917,18,20,1,27.7
41,44627,1.6595,,,,,,2.3
42,45606,1.6633,,,,,,2.3
43,46627,1.6635,,,,,,2.5
44,47652,1.6615,,,,,,2.7
45,48802,1.6552,,,,,,2.6
46,49910,1.6592,,,,,,2.5
47,51010,1.6557,,,,,,2.5
48,52042,1.6526,,,,,,3.0
49,53131,1.6528,,,,,,2.7
50,54240,1.6532,,,,,,2.5
51,55381,1.6571,,,,,,2.9
52,56508,1.6457,,,,,,2.9
53,57552,1.6548,,,,,,2.7
54,58700,1.6487,,,,,,2.7
55,59768,1.6475,,,,,,2.4
56,60000,1.6425,,,,,,3.2
57,60000,1.6414,,,,,,2.7
58,60000,1.6406,,,,,,2.8
59,60000,1.6305,,,,,,2.8
60,60000,1.6302,1.000,1.000,14,12,0,29.6
61,60000,1.6262,,,,,,2.8
62,60000,1.6191,,,,,,2.6
63,60000,1.6132,,,,,,2.6
64,60000,1.6221,,,,,,2.8
65,60000,1.6198,,,,,,2.6
66,60000,1.6103,,,,,,2.7
67,60000,1.6103,,,,,,2.7
68,60000,1.6110,,,,,,3.2
69,60000,1.6062,,,,,,2.8
70,60000,1.6105,,,,,,2.6
71,60000,1.6046,,,,,,2.5
72,60000,1.6066,,,,,,2.8
73,60000,1.5983,,,,,,2.7
74,60000,1.5968,,,,,,2.6
75,60000,1.5964,,,,,,2.9
76,60000,1.5936,,,,,,2.6
77,60000,1.5983,,,,,,3.1
78,60000,1.5863,,,,,,3.0
79,60000,1.5865,,,,,,3.0
80,60000,1.5829,1.000,1.000,23,13,0,28.4
81,60000,1.5908,,,,,,2.8
82,60000,1.5888,,,,,,2.7
83,60000,1.5821,,,,,,2.7
84,60000,1.5806,,,,,,2.7
85,60000,1.5866,,,,,,2.9
86,60000,1.5787,,,,,,2.5
87,60000,1.5731,,,,,,3.0
88,60000,1.5783,,,,,,2.5
89,60000,1.5857,,,,,,2.7
90,60000,1.5710,,,,,,2.5
91,60000,1.5741,,,,,,2.9
92,60000,1.5790,,,,,,3.1
93,60000,1.5695,,,,,,2.6
94,60000,1.5661,,,,,,2.5
95,60000,1.5747,,,,,,2.6
96,60000,1.5631,,,,,,2.7
97,60000,1.5627,,,,,,2.7
98,60000,1.5667,,,,,,2.8
99,60000,1.5634,,,,,,2.7
100,60000,1.5694,1.000,1.000,14,20,0,30.4
101,60000,1.5637,,,,,,2.6
102,60000,1.5617,,,,,,2.7
103,60000,1.5646,,,,,,2.7
104,60000,1.5580,,,,,,2.7
105,60000,1.5499,,,,,,2.3
106,60000,1.5537,,,,,,2.3
107,60000,1.5495,,,,,,2.2
108,60000,1.5534,,,,,,2.6
109,60000,1.5499,,,,,,2.1
110,60000,1.5356,,,,,,2.5
111,60000,1.5373,,,,,,2.6
112,60000,1.5442,,,,,,2.2
113,60000,1.5378,,,,,,2.4
114,60000,1.5412,,,,,,2.5
115,60000,1.5429,,,,,,2.1
116,60000,1.5393,,,,,,2.1
117,60000,1.5400,,,,,,2.4
118,60000,1.5410,,,,,,2.2
119,60000,1.5337,,,,,,2.1
120,60000,1.5377,1.000,0.983,18,13,0,27.9
121,60000,1.5371,,,,,,1.9
122,60000,1.5400,,,,,,2.4
123,60000,1.5310,,,,,,2.4
124,60000,1.5260,,,,,,2.2
125,60000,1.5312,,,,,,2.3
126,60000,1.5342,,,,,,2.4
127,60000,1.5306,,,,,,2.2
128,60000,1.5309,,,,,,2.6
129,60000,1.5215,,,,,,2.2
130,60000,1.5386,,,,,,2.2
131,60000,1.5344,,,,,,2.4
132,60000,1.5296,,,,,,2.5
133,60000,1.5202,,,,,,2.0
134,60000,1.5194,,,,,,2.3
135,60000,1.5175,,,,,,2.2
136,60000,1.5118,,,,,,2.5
137,60000,1.5207,,,,,,2.4
138,60000,1.5152,,,,,,2.1
139,60000,1.5188,,,,,,2.4
140,60000,1.5176,1.000,1.000,16,13,0,31.8
141,60000,1.5159,,,,,,2.5
142,60000,1.5147,,,,,,2.3
143,60000,1.5201,,,,,,2.2
144,60000,1.5097,,,,,,2.1
145,60000,1.5081,,,,,,2.4
146,60000,1.5180,,,,,,2.1
147,60000,1.5123,,,,,,2.4
148,60000,1.5071,,,,,,2.1
149,60000,1.5065,,,,,,2.2
150,60000,1.5096,,,,,,2.5
151,60000,1.5024,,,,,,2.3
152,60000,1.5037,,,,,,2.5
153,60000,1.5107,,,,,,2.4
154,60000,1.5135,,,,,,2.5
155,60000,1.5102,,,,,,2.2
156,60000,1.5054,,,,,,2.6
157,60000,1.5069,,,,,,2.3
158,60000,1.5013,,,,,,2.2
159,60000,1.5030,,,,,,2.5
160,60000,1.4996,1.000,1.000,24,15,1,29.3
161,60000,1.5066,,,,,,2.6
162,60000,1.5021,,,,,,2.3
163,60000,1.5018,,,,,,2.0
164,60000,1.5098,,,,,,2.3
165,60000,1.5008,,,,,,2.1
166,60000,1.5027,,,,,,2.5
167,60000,1.5036,,,,,,2.2
168,60000,1.4991,,,,,,2.2
169,60000,1.4985,,,,,,2.3
170,60000,1.4937,,,,,,2.3
171,60000,1.4952,,,,,,2.3
172,60000,1.4930,,,,,,2.2
173,60000,1.4991,,,,,,2.2
174,60000,1.5025,,,,,,2.0
175,60000,1.4984,,,,,,2.1
176,60000,1.4977,,,,,,2.4
177,60000,1.4996,,,,,,2.3
178,60000,1.4910,,,,,,2.5
179,60000,1.5001,,,,,,2.6
180,60000,1.4935,1.000,1.000,28,17,1,29.5
181,60000,1.4905,,,,,,2.2
182,60000,1.4970,,,,,,2.3
183,60000,1.4898,,,,,,2.1
184,60000,1.4882,,,,,,2.4
185,60000,1.4875,,,,,,2.3
186,60000,1.4874,,,,,,2.3
187,60000,1.4966,,,,,,2.6
188,60000,1.5010,,,,,,2.7
189,60000,1.4927,,,,,,2.2
190,60000,1.4924,,,,,,2.6
191,60000,1.4925,,,,,,2.4
192,60000,1.4894,,,,,,2.3
193,60000,1.4795,,,,,,2.0
194,60000,1.4833,,,,,,2.3
195,60000,1.4885,,,,,,1.9
196,60000,1.4847,,,,,,2.5
197,60000,1.4835,,,,,,2.3
198,60000,1.4826,,,,,,2.3
199,60000,1.4881,,,,,,2.1
200,60000,1.4834,1.000,1.000,19,17,0,29.1
201,60000,1.4802,,,,,,1.9
202,60000,1.4825,,,,,,2.4
203,60000,1.4787,,,,,,2.2
204,60000,1.4720,,,,,,2.2
205,60000,1.4770,,,,,,2.5
206,60000,1.4698,,,,,,2.2
207,60000,1.4700,,,,,,2.5
208,60000,1.4695,,,,,,2.6
209,60000,1.4636,,,,,,2.4
210,60000,1.4655,,,,,,2.2
211,60000,1.4688,,,,,,2.1
212,60000,1.4600,,,,,,2.1
213,60000,1.4619,,,,,,2.2
214,60000,1.4607,,,,,,2.1
215,60000,1.4597,,,,,,2.2
216,60000,1.4624,,,,,,2.3
217,60000,1.4504,,,,,,2.4
218,60000,1.4526,,,,,,2.3
219,60000,1.4613,,,,,,2.6
220,60000,1.4528,1.000,1.000,27,17,0,28.7
221,60000,1.4478,,,,,,2.2
222,60000,1.4518,,,,,,2.7
223,60000,1.4477,,,,,,2.3
224,60000,1.4482,,,,,,2.6
225,60000,1.4525,,,,,,2.3
226,60000,1.4493,,,,,,2.2
227,60000,1.4395,,,,,,2.3
228,60000,1.4426,,,,,,2.5
229,60000,1.4371,,,,,,2.5
230,60000,1.4346,,,,,,2.2
231,60000,1.4314,,,,,,2.2
232,60000,1.4292,,,,,,2.4
233,60000,1.4278,,,,,,2.3
234,60000,1.4220,,,,,,2.0
235,60000,1.4268,,,,,,2.4
236,60000,1.4239,,,,,,2.3
237,60000,1.4280,,,,,,2.6
238,60000,1.4235,,,,,,2.5
239,60000,1.4280,,,,,,2.6
240,60000,1.4307,1.000,1.000,22,15,0,28.4
241,60000,1.4205,,,,,,2.2
242,60000,1.4246,,,,,,2.3
243,60000,1.4275,,,,,,2.4
244,60000,1.4205,,,,,,2.4
245,60000,1.4207,,,,,,2.4
246,60000,1.4195,,,,,,2.3
247,60000,1.4191,,,,,,2.6
248,60000,1.4294,,,,,,2.0
249,60000,1.4287,,,,,,2.4
250,60000,1.4277,,,,,,2.5
251,60000,1.4242,,,,,,2.5
252,60000,1.4251,,,,,,2.2
253,60000,1.4184,,,,,,2.2
254,60000,1.4207,,,,,,2.2
255,60000,1.4211,,,,,,2.3
256,60000,1.4196,,,,,,2.4
257,60000,1.4147,,,,,,2.4
258,60000,1.4159,,,,,,2.2
259,60000,1.4121,,,,,,2.3
260,60000,1.4148,1.000,1.000,21,22,0,28.4
261,60000,1.4146,,,,,,2.4
262,60000,1.4170,,,,,,2.6
263,60000,1.4148,,,,,,2.5
264,60000,1.4193,,,,,,2.2
265,60000,1.4159,,,,,,2.1
266,60000,1.4103,,,,,,2.3
267,60000,1.4155,,,,,,2.1
268,60000,1.4150,,,,,,2.3
269,60000,1.4166,,,,,,2.3
270,60000,1.4072,,,,,,2.0
271,60000,1.4173,,,,,,2.1
272,60000,1.4196,,,,,,2.1
273,60000,1.4207,,,,,,2.5
274,60000,1.4203,,,,,,2.0
275,60000,1.4254,,,,,,2.0
276,60000,1.4176,,,,,,2.0
277,60000,1.4185,,,,,,2.1
278,60000,1.4240,,,,,,2.2
279,60000,1.4164,,,,,,2.1
280,60000,1.4187,1.000,0.983,21,14,0,27.2
281,60000,1.4247,,,,,,2.5
282,60000,1.4210,,,,,,2.4
283,60000,1.4178,,,,,,2.1
284,60000,1.4203,,,,,,2.3
285,60000,1.4177,,,,,,2.2
286,60000,1.4225,,,,,,2.3
287,60000,1.4230,,,,,,2.3
288,60000,1.4318,,,,,,2.7
289,60000,1.4288,,,,,,2.2
290,60000,1.4268,,,,,,2.2
291,60000,1.4231,,,,,,2.1
292,60000,1.4295,,,,,,2.3
293,60000,1.4313,,,,,,2.1
294,60000,1.4280,,,,,,2.1
295,60000,1.4252,,,,,,2.1
296,60000,1.4276,,,,,,2.3
297,60000,1.4191,,,,,,2.3
298,60000,1.4148,,,,,,2.3
299,60000,1.4192,,,,,,1.9
300,60000,1.4113,1.000,1.000,22,21,0,27.8
301,60000,1.4126,,,,,,2.1
302,60000,1.4115,,,,,,2.2
303,60000,1.4130,,,,,,2.0
304,60000,1.4163,,,,,,2.2
305,60000,1.4174,,,,,,2.4
306,60000,1.4154,,,,,,2.0
307,60000,1.4163,,,,,,2.0
308,60000,1.4106,,,,,,2.4
309,60000,1.4189,,,,,,2.3
310,60000,1.4082,,,,,,2.0
311,60000,1.4170,,,,,,2.4
312,60000,1.4210,,,,,,2.1
313,60000,1.4205,,,,,,2.3
314,60000,1.4184,,,,,,2.2
315,60000,1.4171,,,,,,1.9
316,60000,1.4181,,,,,,2.4
317,60000,1.4195,,,,,,2.2
318,60000,1.4239,,,,,,2.1
319,60000,1.4244,,,,,,2.3
320,60000,1.4214,0.967,1.000,21,15,0,27.1
321,60000,1.4155,,,,,,2.2
322,60000,1.4219,,,,,,2.1
323,60000,1.4181,,,,,,2.4
324,60000,1.4167,,,,,,2.1
325,60000,1.4139,,,,,,2.4
326,60000,1.4170,,,,,,2.5
327,60000,1.4082,,,,,,2.6
328,60000,1.4055,,,,,,2.1
329,60000,1.4075,,,,,,2.2
330,60000,1.4009,,,,,,2.2
331,60000,1.4032,,,,,,2.4
332,60000,1.4015,,,,,,2.5
333,60000,1.3957,,,,,,2.2
334,60000,1.3984,,,,,,2.1
335,60000,1.3954,,,,,,2.0
336,60000,1.3969,,,,,,2.3
337,60000,1.3904,,,,,,2.3
338,60000,1.3953,,,,,,2.6
339,60000,1.3984,,,,,,2.1
340,60000,1.3979,1.000,1.000,23,21,0,27.5
341,60000,1.4006,,,,,,2.0
342,60000,1.4035,,,,,,2.0
343,60000,1.4000,,,,,,2.2
344,60000,1.3968,,,,,,1.9
345,60000,1.3967,,,,,,2.3
346,60000,1.3950,,,,,,2.1
347,60000,1.3957,,,,,,2.2
348,60000,1.3957,,,,,,2.4
349,60000,1.3965,,,,,,2.3
350,60000,1.3889,,,,,,2.2
351,60000,1.3921,,,,,,2.0
352,60000,1.3869,,,,,,2.3
353,60000,1.3913,,,,,,2.0
354,60000,1.3913,,,,,,2.5
355,60000,1.3893,,,,,,2.2
356,60000,1.3921,,,,,,2.4
357,60000,1.3872,,,,,,2.0
358,60000,1.3936,,,,,,2.2
359,60000,1.3937,,,,,,2.1
360,60000,1.3928,1.000,1.000,25,18,0,28.8
361,60000,1.3843,,,,,,2.1
362,60000,1.3871,,,,,,2.4
363,60000,1.3858,,,,,,2.6
364,60000,1.3851,,,,,,2.2
365,60000,1.3915,,,,,,2.3
366,60000,1.3850,,,,,,2.4
367,60000,1.3895,,,,,,2.2
368,60000,1.3869,,,,,,2.3
369,60000,1.3936,,,,,,2.3
370,60000,1.3906,,,,,,2.1
371,60000,1.3920,,,,,,2.4
372,60000,1.3878,,,,,,2.2
373,60000,1.3848,,,,,,2.1
374,60000,1.3913,,,,,,2.2
375,60000,1.3859,,,,,,2.4
376,60000,1.3885,,,,,,2.4
377,60000,1.3865,,,,,,2.5
378,60000,1.3876,,,,,,2.2
379,60000,1.3855,,,,,,2.0
380,60000,1.3827,1.000,1.000,20,12,0,28.7
381,60000,1.3868,,,,,,2.1
382,60000,1.3873,,,,,,2.2
383,60000,1.3868,,,,,,2.3
384,60000,1.3905,,,,,,2.2
385,60000,1.3918,,,,,,1.9
386,60000,1.3957,,,,,,2.1
387,60000,1.3943,,,,,,2.2
388,60000,1.3887,,,,,,2.4
389,60000,1.3978,,,,,,2.1
390,60000,1.3990,,,,,,2.1
391,60000,1.3945,,,,,,2.3
392,60000,1.3957,,,,,,2.4
393,60000,1.3871,,,,,,2.0
394,60000,1.3928,,,,,,2.0
395,60000,1.3866,,,,,,2.0
396,60000,1.3854,,,,,,2.2
397,60000,1.3882,,,,,,2.5
398,60000,1.3781,,,,,,2.2
399,60000,1.3856,,,,,,2.0
400,60000,1.3880,1.000,1.000,22,17,0,27.8
